NPI,Provider Secondary Practice Location Address- Address Line 1,Provider Secondary Practice Location Address-  Address Line 2,Provider Secondary Practice Location Address - City Name,Provider Secondary Practice Location Address - State Name,Provider Secondary Practice Location Address - Postal Code,Provider Secondary Practice Location Address - Country Code (If outside U.S.),Provider Secondary Practice Location Address - Telephone Extension,Provider Gender Code
1659675528,100 Sansburys Way Ste 102,,Wellington,FL,334113723,US,,M
1255031746,2700 Remington Ave,,Baltimore,MD,212113025,US,,F
1407556996,1726 Shawano Ave,,Green Bay,WI,543033216,US,,M
1912607417,1720 University Dr S,,Fargo,ND,581034940,US,,F
1588364087,1818 Como Park Blvd,,Lancaster,NY,14086,US,,
1821798331,5500 E Kellogg Dr,,Wichita,KS,672181607,US,51306,
1750081253,2058 E Yale St Apt A,,Ontario,CA,917646827,US,,M
1679273189,2302 W 28th Ave Ste B,,Pine Bluff,AR,716035081,US,,M
1396445706,50 Lochinvar Rd,,San Rafael,CA,949012477,US,,F
1497484760,4560 S Decatur Blvd Ste 301,,Las Vegas,NV,891035253,US,,F
1669080933,2960 Sleepy Hollow Rd,,Falls Church,VA,220442030,US,6120,F
1669080933,1 ARH Lane,5th Floor Transitional Unit,Low Moor,VA,24457,US,,M
1255059259,475 Ridge Rd,,North Arlington,NJ,70315317,US,,M
1629797782,6720 Bertner Ave,,Houston,TX,770302604,US,,M
1447972377,1000 S Marshall St,,Lakewood,CO,802264629,US,,F
1316290802,3703 W Lake Ave Ste 200,,Glenview,IL,600261266,US,,M
1457012205,881 Corporate Dr Ste 110,,Lexington,KY,405032748,US,,
1194874628,1650 W College St,,Grapevine,TX,760513565,US,,M
1841764487,2008 Hudson Ave,,Rochester,NY,146174361,US,,M
1497728794,9200 W Wisconsin Ave,,Milwaukee,WI,532263522,US,,
1497728794,4805 S Moorland Rd,,New Berlin,WI,531517401,US,,F
1497728794,1506 S Oneida St,,Appleton,WI,549151305,US,,F
1568820199,9601 Townline Rd,,Minocqua,WI,545489099,US,,M
1063111425,3055 5th Ave N Ste A,,Saint Petersburg,FL,337136738,US,,M
1326673971,1500 SW 10th Ave,,Topeka,KS,666041301,US,,F
1326673971,4505 NW Fielding Rd,,Topeka,KS,666182651,US,,F
1326673971,1516 SW 6th Ave,,Topeka,KS,666061696,US,,M
1326673971,2909 SE Walnut Dr,,Topeka,KS,666052189,US,,F
1851091284,9130 Saint Elmo Cir N,,Irvington,AL,365442916,US,,F
1073213401,1100 15th St Apt 150B,,Sparks,NV,894313657,US,,M
1982304317,2725 Pacific Ave,,Long Beach,CA,908062612,US,,F
1619677044,2323 Meadow Briar Dr,,Sugar Land,TX,774981487,US,,F
1821798265,8140 Walnut Hill Ln,Suite 320,Dallas,TX,75231,US,,F
1447950886,1815 Norwood Ct,,Evanston,IL,602011841,US,,F
1447950886,2200 Golf Rd,,Glenview,IL,600254903,US,,F
1144920596,1492 W Colorado Blvd Ste 120,,Pasadena,CA,911051466,US,,M
1932809381,225 Lakeway Trl,,McKinney,TX,750690986,US,,F
1699475053,763 Jesse Johnson Dr,,Blakely,GA,398233224,US,1801,M
1831553528,441 S Melborn St,,Dearborn,MI,481241620,US,,M
1811359177,1401 Centerville Rd,SUite 107,Tallahassee,FL,323084647,US,,
1003201856,11430 N Port Washington Rd,,Mequon,WI,530923414,US,,F
1003201856,7901 S 6th St,,Oak Creek,WI,531542010,US,,F
1003201856,4805 S Moorland Rd,,New Berlin,WI,531517401,US,,M
1417918988,5196 Mariner Blvd,,Spring Hill,FL,346091802,US,,F
1417918988,15205 CORTEZ BLVD,,Brooksville,FL,346136072,US,,F
1417918988,17222 Hospital Blvd Ste 302,,Brooksville,FL,346018925,US,,F
1740608538,3304 Stones Throw Ave,,Poland,OH,445144204,US,,M
1770223265,11977 SE Sunnyside Rd,,Clackamas,OR,970159312,US,,F
1306342597,1407 Clifton Pl,,Lakewood,OH,441073412,US,,M
1306342597,1407 Clifton Pl,,Lakewood,OH,441073412,US,,
1306342597,20 York Street - YNHH (Podiatry),,New Haven,CT,65103220,US,,F
1619191616,13315 US Highway 19,,Hudson,FL,346671659,US,,
1619191616,4509 N Armenia Ave # A,,Tampa,FL,336032703,US,,M
1780263624,1701 Avenue E Ste A,,Billings,MT,591022943,US,,M
1538666185,9500 Euclid Ave # Na-23,,Cleveland,OH,441950001,US,,F
1558325043,400 Patroon Creek Blvd Ste 102,,Albany,NY,122065015,US,,F
1558325043,315 S Manning Blvd,,Albany,NY,122081707,US,,M
1235710690,4364 Scorpius Street Hs II Room 121,,Orlando,FL,328160001,US,,F
1144588310,5000 Hennessy Blvd,,Baton Rouge,LA,708084375,US,,M
1144588310,2801 N State Road 7,,Margate,FL,330635727,US,,M
1073805008,435 Phalen Blvd,,Saint Paul,MN,551305302,US,,F
1134656903,1500 Red River St,,Austin,TX,78701,US,,F
1528681137,12505 Orange Dr Ste 901,,Davie,FL,333304300,US,,F
1750642450,1500 SW 10th Ave,,Topeka,KS,666041301,US,,M
1902848583,2409 Mitchell Rd,,Bedford,IN,474214731,US,,F
1902848583,2415B Mitchell Rd,,Bedford,IN,474214731,US,,M
1104485929,4805 Montgomery Rd Ste 210,,Cincinnati,OH,452122280,US,,
1043248305,2035 Technology Pkwy Ste 201,,Mechanicsburg,PA,170509422,US,,F
1043248305,2025 Technology Pkwy Ste 109,,Mechanicsburg,PA,170509401,US,,M
1043248305,1251 E Main St Ste 3,,Annville,PA,170031643,US,,F
1902835374,20405 Old Cutler Rd,,Cutler Bay,FL,331891833,US,,F
1902835374,2 SR Road 60 West,,Lake Wales,FL,338533385,US,,F
1528295409,1300 N 12th St Ste 500,,Phoenix,AZ,850062849,US,,F
1265962542,1845 Village Center Cir,,Las Vegas,NV,891346369,US,,F
1407376312,10500 Montgomery Rd,,Montgomery,OH,452424402,US,,F
1407376312,375 Dixmyth Ave,,Cincinnati,OH,452202475,US,,M
1609801976,24 Cree Dr,,Lock Haven,PA,177452639,US,,M
1235335530,200 Healthcare Way Unit 101,,North Venice,FL,342753670,US,,
1386675940,6017 Hillside Rd Ste 500,,Amarillo,TX,79109,US,,M
1871880666,Smoke Bomb Hill Dental Clinic Gruber Rd,,Fort Bragg,NC,283101701,US,,F
1417575887,3258 Woodglen Dr,,Orange Park,FL,320656683,US,,F
1326489758,2201 N Bedell Ave Ste E,,Del Rio,TX,78840,US,,M
1326489758,1830 E MONUMENT ST,STE 416,BALTIMORE,MD,212870020,US,,F
1326489758,1830 E MONUMENT ST,STE 416,BALTIMORE,MD,212870020,US,,M
1275553083,740 Lomas Santa Fe Dr Ste 200,,Solana Beach,CA,920751441,US,,F
1477076156,505 W Belmont Ave Apt 4C,,Chicago,IL,606576818,US,,M
1477076156,2900 N Lake Shore Dr,,Chicago,IL,606575640,US,,M
1780238022,3280 E Woodmen Rd Ste 200,,Colorado Springs,CO,809203586,US,,F
1467467399,3401 N Thanksgiving Wyay,Ste 260,Lehi,UT,840434158,US,,F
1295925576,W180N8085 Town Hall Rd,,Menomonee Falls,WI,530513518,US,,F
1295925576,16650 W Bluemound Rd,SUITE 200,Brookfield,WI,530055920,US,,F
1326470824,9101 N Central Expy Ste 400,,Dallas,TX,752316009,US,,F
1568474849,1850 N Central Ave,Suite1600,Phoenix,AZ,850044633,US,,
1043986193,4901 Lac De Ville Blvd,,Rochester,NY,146185647,US,,
1558796037,7 Independence Pt Ste 300,,Greenville,SC,296154569,US,,F
1154315745,5777 E Mayo Blvd,,Phoenix,AZ,850544502,US,,F
1407405533,60A Gorham Ave Apt C,,Brookline,MA,24456854,US,,M
1699284869,101 Dudley St,,Providence,RI,29052401,US,,F
1740365097,24 Cree Dr,,Lock Haven,PA,177452639,US,,
1184095101,35 Michigan St NE Ste 5201,,Grand Rapids,MI,495032530,US,,
1144731910,2375 E Camelback Rd Ste 600,,Phoenix,AZ,850163493,US,,M
1144731910,41 Highland Ave,,Winchester,MA,18901446,US,,
1114495157,17703 E 6th Ave,,Spokane Valley,WA,990169758,US,,F
1275609349,2300 Southwood Dr,,Nashua,NH,30631818,US,,F
1275609349,87 McGregor St,,Manchester,NH,31023765,US,,F
1295036150,5200 SW 8th St,SUITE 150,Coral Gables,FL,331342300,US,,F
1730659343,W180N8085 Town Hall Rd,,Menomonee Falls,WI,530513518,US,,
1730659343,7901 S 6th St,,Oak Creek,WI,531542010,US,,
1477158764,1300 Tiger Blvd,,Clemson,SC,296311114,US,,
1508578220,1701 S Creasy Ln,,Lafayette,IN,479054972,US,,M
1114499779,525 E 68th St,,New York,NY,100654870,US,,
1851052526,3601 E 11 Mile Rd,,Warren,MI,480922878,US,,M
1578214714,7402 Lake Ridge Pkwy Apt 2121,,Grand Prairie,TX,750540346,US,,F
1003568775,3675 J Dewey Gray Cir Ste 300,,Augusta,GA,309091868,US,,M
1760181804,2900 Ridgecrest Dr,,Casper,WY,826044620,US,,M
1770115172,5000 Saint Paul Ave,,Lincoln,NE,685042760,US,,F
1417603002,1040 Cambridge Sq Ste A&b,,Alpharetta,GA,300091800,US,,M
1417603002,9130 University City Blvd.,,Charlotte,NC,28213,US,,F
1043918105,1001 S Raisinville Rd,,Monroe,MI,481619754,US,,F
1952056632,8433 Harcourt Rd Ste 100,,Indianapolis,IN,462602193,US,,F
1447959895,2 Dudley St,,Providence,RI,29053236,US,,M
1447959895,101 Dudley St,,Providence,RI,29052401,US,,F
1194792572,1500 SW 10th Ave,,Topeka,KS,666041301,US,,F
1932733185,723 Falls Blvd S Ste A,,Wynne,AR,723963509,US,,M
1548969140,7417 Dupont Ave N,,Brooklyn Park,MN,55444,US,,F
1275959827,500 Arbor Dr,,Columbia,MO,65201,US,,F
1730681719,8345 Anderson Ave NE,,Warren,OH,444841537,US,,F
1477253847,4 Jasinski Rd,,Spring Valley,NY,109773928,US,,F
1932809308,1186 Fairview N,,Chatham,VA,245313384,US,,F
1104526573,1416 E Matthews Ave Ste 200,,Jonesboro,AR,724014362,US,,F
1033188107,6725 SW 29th St,,Topeka,KS,666145625,US,,M
1033188107,2909 SE Walnut Dr,,Topeka,KS,666052189,US,,F
1033188107,4505 NW Fielding Rd,,Topeka,KS,666182651,US,,F
1033188107,2316 E Meyer Blvd,,Kansas City,MO,641321136,US,,F
1316363773,6506 Loisdale Rd,Suite 302,Springfield,VA,221501824,US,,M
1255872875,120 Frank Martin Rd Ste 200,,Shelbyville,TN,371607195,US,,M
1255872875,730 Kings Ln,,Tullahoma,TN,373885371,US,,M
1043672660,210 N Tillotson Ave,,Muncie,IN,473043988,US,,F
1073977104,550 17th Ave Fl 5,,Seattle,WA,981225788,US,,F
1073977104,121 Towne Square Dr Ste 301,,Hershey,PA,170339440,US,,M
1972869949,1010 Three Springs Blvd,,Durango,CO,813018296,US,,M
1942262290,200 1st St SW,,Rochester,MN,559050001,US,,F
1942262290,3300 Gallows Rd,,Falls Church,VA,220423307,US,,M
1174812945,1500 SW 10th Ave,,Topeka,KS,666041301,US,,M
1841796216,800 Poly Pl,,Brooklyn,NY,11209,US,7606,F
1841796216,121 Dekalb Ave,,Brooklyn,NY,112015425,US,,F
1477675932,759 Chestnut St # S3598,,Springfield,MA,11071619,US,,
1477675932,1717 S Orange Ave,Suite 100,Orlando,FL,328062946,US,,F
1811212749,834 Sheridan St,,Port Townsend,WA,983682443,US,,F
1811212749,3100 Tongass Ave,,Ketchikan,AK,99901,US,,F
1811212749,1615 Delaware St,,Longview,WA,986322367,US,,M
1811212749,2801 DeBarr Rd,,Anchorage,AK,995082997,US,,F
1811212749,939 Caroline St,,Port Angeles,WA,983623997,US,,F
1215566971,80 Seymour St,,Hartford,CT,61063300,US,,M
1588954655,2401 Gillham Rd,,Kansas City,MO,64108,US,,M
1588954655,3520 SW 6th Ave,,Topeka,KS,666062806,US,,F
1316333198,4805 S Moorland Rd,,New Berlin,WI,531517401,US,,F
1316333198,1700 W Paradise Dr,,West Bend,WI,530959795,US,,M
1316333198,11430 N Port Washington Rd,,Mequon,WI,530923414,US,,F
1316333198,7901 S 6th St,,Oak Creek,WI,531542010,US,,M
1659805992,1500 SW 10th Ave,,Topeka,KS,666041301,US,,M
1912431206,835 Isom Rd,,San Antonio,TX,782164035,US,,M
1235420548,1500 SW 10th Ave,,Topeka,KS,666041301,US,,F
1629497953,11212 E 48th St,,Tulsa,OK,741465824,US,,M
1437683059,4425 E Agave Rd Ste 19,,Phoenix,AZ,850440619,US,,F
1285215566,1808 South St,,Nacogdoches,TX,759646120,US,,F
1144617515,1102 Saint Marys Rd,,Junction City,KS,664414139,US,,F
1568882876,1500 SW 10th Ave,,Topeka,KS,666041301,US,,F
1205270733,2301 Erwin Rd,,Durham,NC,277054699,US,,F
1205270733,100 Health Park Dr,,Louisville,CO,800279583,US,,M
1871851824,3334 Capital Medical Blvd Ste 400,,Tallahassee,FL,323084470,US,,M
1336526243,5656 Kelley St,Dept of Ob/gyn,Houston,TX,770261967,US,,M
1801114202,1500 SW 10th Ave,,Topeka,KS,666041301,US,,F
1336199926,7901 S 6th St,,Oak Creek,WI,531542010,US,,M
1336199926,11430 N Port Washington Rd,,Mequon,WI,530923414,US,,F
1336199926,4805 S Moorland Rd,,New Berlin,WI,531517401,US,,F
1801899935,3200 Westhill Dr Ste 201,,Wausau,WI,544014707,US,,M
1801899935,3901 Stewart Ave,,Wausau,WI,544013948,US,,F
1801899935,1211 Fish Hatchery Rd,,Madison,WI,537151909,US,,F
1417168220,42733 Highway 27 Ste 201,,Davenport,FL,338376879,US,,
1083652705,1237 Harding Pl,Ste 3100,Charlotte,NC,28204,US,,F
1083652705,10650 Park Rd,,Charlotte,NC,282108538,US,,F
1083652705,447 McAlister Rd,STE 3200,Lincolnton,NC,280924114,US,,F
1083652705,134 Medical Park Rd,Ste 111 - Adult Cardiology,Mooresville,NC,281178526,US,,M
1063454049,1237 Harding Pl,Ste 3100,Charlotte,NC,28204,US,,M
1063454049,1550 Faulk St,Ste 3100,Monroe,NC,281125086,US,,M
1063454049,1656 Riverchase Blvd,Suite 2500,Rock Hill,SC,297322084,US,,F
1063454049,1237 Harding Pl,Ste 2100,Charlotte,NC,28204,US,,F
1699713065,447 McAlister Rd,STE 3200,Lincolnton,NC,280924114,US,,F
1699713065,101 E W T Harris Blvd,Ste 1213,Charlotte,NC,282623485,US,,M
1699713065,1237 Harding Pl,Ste 3100,Charlotte,NC,28204,US,,F
1699713065,134 Medical Park Rd,Ste 111 - Adult Cardiology,Mooresville,NC,281178526,US,,M
1194137687,1237 Harding Pl,Ste 4300,Charlotte,NC,28204,US,,F
1194137687,10650 Park Rd,,Charlotte,NC,282108538,US,,M
1194137687,200 Medical Park Dr,Ste 230,Concord,NC,280252982,US,,M
1952621427,1350 S Kings Dr,,Charlotte,NC,282072134,US,,F
1952621427,1237 Harding Pl,Ste 2100,Charlotte,NC,28204,US,,
1952621427,10650 Park Rd,Ste 300,Charlotte,NC,282108538,US,,F
1952621427,101 E W T Harris Blvd,"Bldg 5000, Suite #5101",Charlotte,NC,282623485,US,,M
1245722511,3095 Kettering Blvd,,Moraine,OH,454391983,US,,M
1245722511,1830 W High St,,Piqua,OH,453569399,US,,M
1548828619,5625 W Bell Rd,,Glendale,AZ,853083878,US,,M
1992434906,781 Willow Oak Cir,,Lexington,KY,405141728,US,,
1083063366,700 W Ironwood Dr Ste 275W,,Coeur D Alene,ID,838144400,US,,M
1891310322,8703 Highway 17 Byp S # 1,,Myrtle Beach,SC,295757701,US,,M
1093165870,538 Broadway,,Winnie,TX,776657600,US,,
1124467972,1500 SW 10th Ave,,Topeka,KS,666041301,US,,F
1124467972,2330 Shawnee Mission Pkwy,MS 5003,Westwood,KS,662052005,US,,M
1609803808,801 E PLANO PKWY,STE 100,PLANO,TX,750746894,US,,F
1609803808,2301 N Lake Dr,,Milwaukee,WI,532114508,US,,M
1679869390,13400 E. Shea Blvd,,Scottsdale,AZ,85259,US,,F
1720018047,202 Hudson Barks Blvd,,Spartanburg,SC,293063459,US,1103,M
1033473426,1500 SW 10th Ave,,Topeka,KS,666041301,US,,
1639584832,1818 N Meade St,,Appleton,WI,549113454,US,,F
1639584832,11430 N Port Washington Rd,,Mequon,WI,530923414,US,,M
1639584832,4805 S Moorland Rd,,New Berlin,WI,531517401,US,,F
1639584832,7901 S 6th St,,Oak Creek,WI,531542010,US,,F
1497195457,1500 SW 10th Ave,,Topeka,KS,666041301,US,,F
1104232404,1500 SW 10th Ave,,Topeka,KS,666041301,US,,F
1104232404,2200 Harvard Rd Ste B,,Lawrence,KS,660492611,US,,
1497107924,4203 Woodcock Dr Ste 216,,San Antonio,TX,782281312,US,,F
1659636272,1500 SW 10th Ave,,Topeka,KS,666041301,US,,F
1144848649,111 Colchester Ave,,Burlington,VT,54011473,US,,F
1538180963,1500 SW 10th Ave,,Topeka,KS,666041301,US,,F
1942617139,110 Irving St NW,Department of internal medicine,Washington,DC,200103017,US,,M
1942617139,1500 SW 10th Ave,,Topeka,KS,666041301,US,,
1821254871,5015 Campuswood Dr Ste 107,,East Syracuse,NY,130574236,US,,
1376951657,1500 SW 10th Ave,Medical Staff Services,Topeka,KS,666041301,US,,F
1063821601,652 Hamilton Rd,USA Dental Activity,Fort Sill,OK,73503,US,,F
1063821601,"HQ, 618th DCAS/DENTAC, KOREA UNIT 15652",,APO,AP,96271,US,,
1720335672,10803 SE Cherry Blossom Dr,,Portland,OR,97216,US,,
1720335672,1455 NW Irving St Ste 600,,Portland,OR,97209,US,,
1396051595,1500 SW 10th Ave,,Topeka,KS,666041301,US,,
1902186570,1500 SW 10th Ave,,Topeka,KS,666041301,US,,
1306030705,1500 SW 10th Ave,,Topeka,KS,666041301,US,,
1366162059,34101 Farenholt Ave Bldg 14,,San Diego,CA,921347000,US,,
1780782946,2909 SE Walnut Dr,,Topeka,KS,666052189,US,,
1053869099,212 Willow Valley Lakes Dr Ste 201,,Willow Street,PA,175849668,US,,
1053869099,2913 Spooky Nook Rd Ste 100,,Manheim,PA,175459149,US,,
1053869099,16515 Pottsville Pike,Suite B,Hamburg,PA,195268182,US,,
1053869099,1701 Cornwall Rd Ste 100,,Lebanon,PA,170427480,US,,
1629353313,600 Park Ave,,Marion Heights,PA,17832,US,,
1992302988,1003 Chafee Ave,,Augusta,GA,309045867,US,,
1992302988,1120 15th St,,Augusta,GA,309120004,US,,
1275257438,5137 Golden Foothill Pkwy,,El Dorado Hills,CA,957629670,US,,
1205263266,401 E Spruce St,,Garden City,KS,678465679,US,,
1699372599,7101 Hoff St,,Fort Benning,GA,319055645,US,,
1932452703,50 Tice Blvd,,Woodcliff Lake,NJ,76777654,US,,
1114320942,760 Broadway,,Brooklyn,NY,112065317,US,3233,
1114320942,750 Brunswick Ave,,Trenton,NJ,86384143,US,,
1114320942,1 Capital Way,,Pennington,NJ,85342520,US,,
1477643179,6321 S Redwood Rd Ste 102,,Taylorsville,UT,841236799,US,,
1477643179,5682 S 3500 W Ste 2A,,Roy,UT,840679108,US,,
1609539196,1610 County Road 915,,Nacogdoches,TX,759644224,US,,
1881237576,175 Remsen St Ste 1225,,Brooklyn,NY,112014320,US,,
1902513377,3810 Rosin Ct Ste 180,,Sacramento,CA,958341658,US,,
1831371871,PM Pediatrics,3180 Fashion Center Blvd,Newark,DE,19702,US,,
1730727041,1000 S Madera Ave,,Kerman,CA,936301750,US,,
1174097158,1515 E Broad St,,Columbus,OH,432051550,US,,
1699249375,14 Murray Rd,,Ashburnham,MA,14301643,US,,
1841346517,1444 S. Potomac St,#280,Aurora,CO,800124509,US,,
1396336517,345 Jones Rd,,Jefferson,GA,30549,US,,
1396336517,325 Tallassee Rd,,Athens,GA,306061613,US,,M
1851781751,238 Summar Dr,,Jackson,TN,383013906,US,,
1679812457,916 N Mountain Ave Ste A,,Upland,CA,917863658,US,,
1679812457,1260 E Arrow Hwy,,Upland,CA,917864982,US,,
1679812457,14677 Merrill Avenue,,Fontana,CA,92335,US,,
1255570131,433 Castlebury Dr,,Saline,MI,481761473,US,,
1255570131,26901 Beaumont Blvd,,Southfield,MI,480333849,US,,
1871186833,557 Grants Ferry Rd,,Brandon,MS,390479023,US,,
1578197158,4000 Mitchellville Rd Ste B216,,Bowie,MD,207163145,US,,
1578197158,5859 Allentown Way,,Temple Hills,MD,207482613,US,,
1578197158,6400 Marlboro Pike,,District Heights,MD,207472841,US,,F
1578197158,6502 Kenilworth Ave Ste 100,,Riverdale Park,MD,207371372,US,,F
1578197158,8116 Good Luck Rd Ste 10,,Lanham,MD,207063502,US,,F
1578197158,2191 Defense Hwy Ste 201,,Crofton,MD,211142469,US,,F
1578197158,4000 Mitchellville Rd Ste 422,,Bowie,MD,207163104,US,,F
1578197158,8116 Good Luck Rd Ste 210,,Lanham,MD,207063508,US,,M
1578197158,8100 Good Luck Rd Ste 500,,Lanham,MD,207063500,US,,F
1578197158,5710 Silver Hill Rd,,District Heights,MD,207471101,US,,
1326794652,801 Collington Dr,,Mebane,NC,273028683,US,,
1528768900,28250 Franklin Rd,,Southfield,MI,480341659,US,,
1316647795,115 Eileen Way,,Syosset,NY,117915302,US,,F
1013617497,210 NW Barstow St Ste 305,,Waukesha,WI,531883771,US,,F
1659071033,214 Riverview Ct,,Sykesville,MD,217847153,US,,M
1659071033,214 Riverview Ct,,Sykesville,MD,217847153,US,,F
1093415481,601 N Hampton St Apt 1424,,Fort Worth,TX,761025043,US,,F
1093415481,3162 Upas St,,San Diego,CA,921044246,US,,F
1851091243,5555 Reservoir Dr Ste 300,,San Diego,CA,921205194,US,,F
1598089823,"4150 Clement Street, Radiology (114)",,San Francisco,CA,94121,US,,
1245799352,11107 Wurzbach Rd Ste 304,,San Antonio,TX,782302553,US,,F
1245799352,4259 S Jeffrey Dr Ste A,,Baton Rouge,LA,708164195,US,,
1245799352,215 Wisteria St,,Panama City Beach,FL,324073045,US,,F
1043637176,41 Mall Rd,,Burlington,MA,18052183,US,,F
1083031280,111 Colchester Ave,,Burlington,VT,54011473,US,,M
1083031280,11 Wilbraham Road,,Springfield,MA,11093161,US,,F
1598007684,4805 S Moorland Rd,,New Berlin,WI,531517401,US,,
1598007684,7901 S 6th St,,Oak Creek,WI,531542010,US,,
1598007684,11430 N Port Washington Rd,,Mequon,WI,530923414,US,,
1598007684,1700 W Paradise Dr,,West Bend,WI,530959795,US,,F
1235635996,377 W Campbell Rd Ste 100,,Richardson,TX,750803695,US,,
1790305746,745 Glynn St S,,Fayetteville,GA,302142049,US,,F
1508353152,4131 Spicewood Springs Rd Ste K1,,Austin,TX,787598600,US,,
1205194636,1700 W Paradise Dr,,West Bend,WI,530959795,US,,F
1205194636,11430 N Port Washington Rd,,Mequon,WI,530923414,US,,F
1205194636,7901 S 6th St,,Oak Creek,WI,531542010,US,,M
1205194636,4805 S Moorland Rd,,New Berlin,WI,531517401,US,,F
1013965482,4805 S Moorland Rd,,New Berlin,WI,531517401,US,,F
1013965482,3200 Pleasant Valley Rd,,West Bend,WI,530959274,US,,M
1013965482,W180N8085 Town Hall Rd,,Menomonee Falls,WI,530513518,US,,F
1013965482,7901 S 6th St,,Oak Creek,WI,531542010,US,,
1972779551,100 Fairfield Drive,,Senaca,PA,16346,US,,M
1972779551,455 Toll Gate Rd,,Warwick,RI,28862759,US,,M
1124474325,4755 Aldine Mail Route Rd,,Houston,TX,770395934,US,,M
1407202518,41 Mall Rd,,Burlington,MA,18054403,US,,
1669094934,90 Hospital Dr,,Athens,OH,457012301,US,,F
1639557671,1115 W Master St,,Philadelphia,PA,191224113,US,,M
1225082167,41 Mall Rd,,Burlington,MA,18051280,US,,
1659801819,1050 S 5th St,,Saint Charles,MO,633012419,US,,F
1972240406,11300 N Central Expy Ste 400,,Dallas,TX,752436712,US,,
1619601234,1901 Clinch Ave Fl 4,,Knoxville,TN,379162307,US,,F
1417687336,41 Mall Rd,,Burlington,MA,18052821,US,,
1649590324,1237 Harding Pl,Ste 3200,Charlotte,NC,28204,US,,F
1649590324,10650 Park Rd,Ste 300,Charlotte,NC,282108538,US,,M
1346281193,1200 Binz St,STE 460,Houston,TX,770046900,US,,F
1346281193,805 Atlantic St,,Stamford,CT,69026805,US,,M
1477755056,307 Yadkin St,,Albemarle,NC,280013441,US,,
1477755056,1350 S Kings Dr,,Charlotte,NC,282072134,US,,F
1477755056,10650 Park Rd,,Charlotte,NC,282108538,US,,M
1477755056,1237 Harding Pl,Ste 3100,Charlotte,NC,28204,US,,F
1538361076,5735 Prosperity Crossing Dr,STE 2100,Charlotte,NC,282691360,US,,F
1538361076,14214 Ballantyne Lake Rd,Ste 150,Charlotte,NC,282773372,US,,F
1538361076,5651 Poplar Tent Rd,Ste 102,Concord,NC,280277530,US,,M
1538361076,9726 Sam Furr Rd,,Huntersville,NC,280788218,US,,M
1750876314,10650 Park Rd,,Charlotte,NC,282108538,US,,F
1750876314,920 Church St N,,Concord,NC,280252927,US,,F
1750876314,1350 S Kings Dr,,Charlotte,NC,282072134,US,,F
1750876314,1237 Harding Pl,Ste 3100,Charlotte,NC,28204,US,,
1366737058,134 Medical Park Rd,Ste 111 - Adult Cardiology,Mooresville,NC,281178526,US,,
1366737058,1237 Harding Pl,Ste 3100,Charlotte,NC,28204,US,,M
1366737058,101 E W T Harris Blvd,Ste 1213,Charlotte,NC,282623485,US,,M
1366737058,447 McAlister Rd,STE 3200,Lincolnton,NC,280924114,US,,
1184248924,10650 Park Rd,,Charlotte,NC,282108538,US,,M
1184248924,1237 Harding Pl,Ste 4300,Charlotte,NC,28204,US,,M
1184248924,1237 Harding Pl,Ste 3100,Charlotte,NC,28204,US,,M
1922034016,100 Medical Park Dr,Ste 210,Concord,NC,280252948,US,,
1922034016,1350 S Kings Dr,,Charlotte,NC,282072134,US,,F
1922034016,1237 Harding Pl,Ste 3100,Charlotte,NC,28204,US,,M
1922034016,1550 Faulk St,Ste 3100,Monroe,NC,281125086,US,,F
1922035773,134 Medical Park Rd,Ste 111 - Adult Cardiology,Mooresville,NC,281178526,US,,M
1922035773,101 E W T Harris Blvd,Ste 1213,Charlotte,NC,282623485,US,,F
1922035773,447 McAlister Rd,STE 3200,Lincolnton,NC,280924114,US,,F
1922035773,1237 Harding Pl,Ste 3100,Charlotte,NC,28204,US,,F
1750601118,10650 Park Rd,Ste 300,Charlotte,NC,282108538,US,,M
1750601118,1550 Faulk St,Ste 3120,Monroe,NC,281125086,US,,
1750601118,1350 S Kings Dr,,Charlotte,NC,282072134,US,,F
1750601118,1010 E Dixon Blvd,,Shelby,NC,281526838,US,,M
1730409046,101 E W T Harris Blvd,Ste 1213,Charlotte,NC,282623485,US,,F
1730409046,1237 Harding Pl,Ste 3100,Charlotte,NC,28204,US,,F
1730409046,134 Medical Park Rd,Ste 111 - Adult Cardiology,Mooresville,NC,281178526,US,,F
1730409046,447 McAlister Rd,STE 3200,Lincolnton,NC,280924114,US,,M
1508093915,1237 Harding Pl,Ste 3100,Charlotte,NC,28204,US,,M
1508093915,447 McAlister Rd,STE 3200,Lincolnton,NC,280924114,US,,
1508093915,10650 Park Rd,,Charlotte,NC,282108538,US,,M
1508093915,134 Medical Park Rd,Ste 111 - Adult Cardiology,Mooresville,NC,281178526,US,,
1447454210,1237 Harding Pl,Ste 4400,Charlotte,NC,28204,US,,F
1447454210,10650 Park Rd,,Charlotte,NC,282108538,US,,F
1447454210,1350 S Kings Dr,,Charlotte,NC,282072134,US,,
1447454210,1237 Harding Pl,Ste 3100,Charlotte,NC,28204,US,,M
1811259013,10650 Park Rd,Ste 300,Charlotte,NC,282108538,US,,M
1811259013,10650 Park Rd,Ste 330,Charlotte,NC,282108538,US,,
1326275538,8750 Georgia Ave,,Silver Spring,MD,209103603,US,,F
1285929539,10650 Park Rd,,Charlotte,NC,282108538,US,,M
1285929539,447 McAlister Rd,STE 3200,Lincolnton,NC,280924114,US,,M
1285929539,1237 Harding Pl,Ste 3100,Charlotte,NC,28204,US,,
1285929539,101 E W T Harris Blvd,Ste 1213,Charlotte,NC,282623485,US,,F
1770588402,1420 W Canal Ct,Suite 10,Littleton,CO,80120,US,,M
1891016556,447 McAlister Rd,STE 3200,Lincolnton,NC,280924114,US,,M
1891016556,1350 S Kings Dr,,Charlotte,NC,282072134,US,,F
1891016556,1237 Harding Pl,Ste 3100,Charlotte,NC,28204,US,,M
1891016556,101 E W T Harris Blvd,Ste 1213,Charlotte,NC,282623485,US,,
1235390691,1010 E Dixon Blvd,,Shelby,NC,281526838,US,,F
1235390691,1350 S Kings Dr,,Charlotte,NC,282072134,US,,F
1235390691,1550 Faulk St,Ste 3120,Monroe,NC,281125086,US,,M
1235390691,10650 Park Rd,Ste 300,Charlotte,NC,282108538,US,,F
1639490204,101 E W T Harris Blvd,Ste 1213,Charlotte,NC,282623485,US,,M
1639490204,10650 Park Rd,,Charlotte,NC,282108538,US,,F
1639490204,134 Medical Park Rd,Ste 111 - Adult Cardiology,Mooresville,NC,281178526,US,,F
1639490204,447 McAlister Rd,STE 3200,Lincolnton,NC,280924114,US,,F
1093331795,89 S Mast St,,Goffstown,NH,30456102,US,,M
1558391011,200 Medical Park Dr,Ste 230,Concord,NC,280252982,US,,M
1558391011,10650 Park Rd,,Charlotte,NC,282108538,US,,
1558391011,1350 S Kings Dr,,Charlotte,NC,282072134,US,,
1558391011,1021 Morehead Medical Dr,Ste A,Charlotte,NC,282042990,US,,
1558522854,4525 Cameron Valley Pkwy,Ste 2100,Charlotte,NC,282114369,US,,F
1558522854,11530 Providence Rd,Ste 1400,Charlotte,NC,28277,US,,F
1558522854,4525 Cameron Valley Pkwy,,Charlotte,NC,282114369,US,,F
1558522854,1225 Harding Pl,Ste 5100,Charlotte,NC,282042826,US,,M
1144252750,1237 Harding Pl,Ste 3200,Charlotte,NC,28204,US,,M
1407261522,600 Highland Ave,,Madison,WI,537920001,US,,F
1164873261,625 19th St S,,Birmingham,AL,352331900,US,,F
1902247968,4940 Eastern Ave,,Baltimore,MD,212242735,US,,M
1447258512,46325 W. Twelve Mile Road,Suite 250,Novi,MI,48377,US,,
1215936844,8311 Montgomery Rd,,Cincinnati,OH,452362227,US,,
1477030948,2520 Elisha Ave,,Zion,IL,600992676,US,,
1134551013,200 1st St SW,,Rochester,MN,559050001,US,,M
1649880808,13111 N Port Washington Rd,,Mequon,WI,530972416,US,,F
1649880808,2301 N Lake Dr,,Milwaukee,WI,532114508,US,,F
1922523026,118 Fairfield Dr,,New Albany,MS,386523107,US,,F
1922523026,2778 Highway 51 S,,Senatobia,MS,386689403,US,,M
1235505280,2675 N Decatur Rd,,Decatur,GA,300336131,US,,M
1275013815,2704 N Main St,,Rockford,IL,611033112,US,,F
1871608489,5671 Peachtree Dunwoody Rd Ste 520,,Atlanta,GA,303425005,US,,M
1417063793,10600 Montgomery Rd Ste 300,,Montgomery,OH,452424464,US,,F
1245588284,1700 W Paradise Dr,,West Bend,WI,530959795,US,,
1245588284,7901 S 6th St,,Oak Creek,WI,531542010,US,,
1245588284,4805 S Moorland Rd,,New Berlin,WI,531517401,US,,M
1295383826,41 Mall Rd,,Burlington,MA,18053925,US,,F
1619079522,275 W MacArthur Blvd,,Oakland,CA,946115641,US,,M
1487136909,19009 Kinbrace St,,Porter Ranch,CA,913261034,US,,F
1538837877,5401 South St,,Lincoln,NE,685062150,US,,F
1861033870,635 S 11th St Apt 14,,San Jose,CA,951122343,US,,F
1629403928,41 Mall Rd,,Burlington,MA,18051552,US,,M
1851792626,7474 Highway 45 Alt N,,West Point,MS,397737981,US,,F
1851792626,171 South St,,Caledonia,MS,39740,US,,
1508291188,4110 Guadalupe St Ste 410,,Austin,TX,787514223,US,,
1548695174,9702 Holmes Ave,,Los Angeles,CA,90002,US,,F
1548695174,161 W Victoria St,,Long Beach,CA,908052175,US,,
1992427272,1620 Fm 535,,Smithville,TX,789575038,US,,F
1992427272,410 N Lampasas St,,Round Rock,TX,786645231,US,,M
1992805220,204 Medical Dr,,Lafayette,TN,370831719,US,,F
1609956283,2210 S Brown Pl,,Sioux Falls,SD,571056582,US,,
1831815083,2116 Craig Rd,,Eau Claire,WI,547016149,US,,
1992247910,1800 Nicholasville Rd Ste 301,,Lexington,KY,405031443,US,50248,
1023586997,106 W Medical Park Dr Ste A,,Lexington,NC,272926854,US,,M
1235847344,5323 Harry Hines Blvd,,Dallas,TX,753909090,US,,F
1912303447,7900 Airways Blvd Bldg B102,,Southaven,MS,386714118,US,,
1912303447,2670 McIngvale Rd Ste 1,,Hernando,MS,386328695,US,,M
1275800161,125 Chaparrel Blvd NW,,Deming,NM,880308629,US,,M
1033412358,1840 S Washington Ave,,Titusville,FL,327804716,US,,
1770641557,149 Thompson Ave E Ste 150,,West St Paul,MN,551183238,US,,F
1649981259,26901 Beaumont Blvd,,Southfield,MI,480333849,US,,F
1013488220,2700 Clay Edwards Dr Ste 240,,North Kansas City,MO,641163254,US,,M
1013488220,7 Independence Pt Ste 300,,Greenville,SC,296154569,US,,
1649981416,1501 Kings Hwy Bldg B,,Shreveport,LA,711034228,US,,M
1215576210,1111 Market St Fl 1,,San Francisco,CA,941031509,US,,
1053476283,460 W 10th Ave Fl 2,,Columbus,OH,432101240,US,,
1174096606,6600 W Emerald St,,Boise,ID,837048738,US,,M
1174096606,9292 W Barnes Dr,,Boise,ID,837091554,US,,F
1174096606,2335 E State Ave,,Meridian,ID,836428808,US,,M
1174096606,7941 W Rifleman St,,Boise,ID,837049001,US,,F
1578952842,6011 Harry Hines Blvd,"3rd Floor, Suite 106",Dallas,TX,753909121,US,,F
1346426764,1771 Baptist Clay Dr,,Fleming Island,FL,320038501,US,,F
1407447220,8420 Aspi Blvd,,Moses Lake,WA,988373601,US,,F
1962558312,3020 Childrens Way,,San Diego,CA,921234223,US,,F
1053683938,4040 Memorial Pkwy SW,,Huntsville,AL,358024364,US,302,F
1407552219,105 S Fulton St,,Iuka,MS,388522328,US,,
1083311302,164 Commerce Blvd,,Athens,GA,306060822,US,,
1841478047,27790 W Highway 22,Suite 32,Barrington,IL,600102340,US,,
1538793039,4200 Hillcrest Dr Apt 304,,Hollywood,FL,330217900,US,,
1043532344,9850C Emmett F Lowry Expy Ste C103,,Texas City,TX,775912122,US,,
1043532344,4700 Broadway St Ste F100,,Galveston,TX,775514208,US,,F
1902076300,8414 Naab Rd # 215,,Indianapolis,IN,462601972,US,,F
1902076300,1111 Ronald Reagan Pkwy,,Avon,IN,461237085,US,,
1740980044,Forestville Rehabilitation Center 7420 Marlboro Pike,,Forestville,MD,20747,US,,F
1922708239,750 Main St Ste 310,,Reisterstown,MD,211362517,US,,M
1922708239,515 Fairmount Ave Ste 100,,Towson,MD,212868520,US,,F
1922708239,2500 W Rogers Ave Ste 141,,Baltimore,MD,212154131,US,,M
1922708239,2435 W Belvedere Ave Ste 46,,Baltimore,MD,212155224,US,,
1881394286,106 Hindman Ln,,Butler,PA,160018760,US,,F
1538869839,52 Locust St,,Burlington,VT,54014847,US,,F
1003516311,2605 Countrywood Ln,,Edmond,OK,730126437,US,,
1033233374,11430 N Port Washington Rd,,Mequon,WI,530923414,US,,F
1033233374,3200 Pleasant Valley Rd,,West Bend,WI,530959274,US,,F
1003182130,1010 W La Veta Ave,200,Orange,CA,928684300,US,,F
1942705793,500 Rue De La Vie St Ste 404,,Baton Rouge,LA,708175128,US,,M
1538797816,1700 W Paradise Dr,,West Bend,WI,530959795,US,,
1538797816,4805 S Moorland Rd,,New Berlin,WI,531517401,US,,M
1538797816,7901 S 6th St,,Oak Creek,WI,531542010,US,,
1538797816,11430 N Port Washington Rd,,Mequon,WI,530923414,US,,F
1164165437,630 14th St SE,,Naples,FL,341173695,US,,M
1477059277,7 W 30th St Fl 9,,New York,NY,10001,US,,F
1073010021,51 E 25th St Fl 3,,New York,NY,100108211,US,,
1063919868,3200 Northline Ave Ste 200,,Greensboro,NC,274087602,US,,M
1073957353,1447 York Rd Ste 406,,Lutherville,MD,210936057,US,,F
1073957353,1447 York Rd Ste 406,,Lutherville,MD,210936057,US,,M
1730742867,31 Main St,,Chester,NJ,79302530,US,,M
1659597185,5438 Sandy Hill Rd,,Quantico,MD,218562100,US,,F
1114147006,1627 S 3050 W,,Vernal,UT,840788719,US,,M
1275989667,1850 E Park Ave Ste 112,,State College,PA,168036706,US,,F
1588878144,591 Redwood Hwy Frontage Rd Ste 5215,,Mill Valley,CA,949413016,US,,F
1346986528,4701 Von Karman Ave Ste 330,,Newport Beach,CA,926608136,US,,
1750957288,2751 O'Varsity Way Room 265,,Cincinnati,OH,452210001,US,,M
1093152332,485 Castle Ridge Ct,,Ballwin,MO,63021,US,,M
1093152332,805 Castle Ridge Ct,,Ballwin,MO,630214465,US,,F
1215596994,461 Western Blvd Ste 122,,Jacksonville,NC,285467637,US,,F
1215596994,1410 E Gaston St,,Lincolnton,NC,280924400,US,,M
1932138427,27212 Calaroga Ave,,Hayward,CA,945454339,US,,M
1932138427,20642 John Dr,,Castro Valley,CA,945465103,US,,F
1215973276,591 Redwood Hwy Frontage Rd Ste 5215,,Mill Valley,CA,949413016,US,,
1518487776,1237 Harding Pl,Ste 3200,Charlotte,NC,28204,US,,F
1720010895,1601 Abbey Pl,STE 200,Charlotte,NC,282093835,US,,F
1720010895,929 N 2nd St,Ste 205,Albemarle,NC,280013363,US,,F
1720010895,1021 Morehead Medical Dr,Ste A,Charlotte,NC,282042990,US,,F
1720010895,1350 S Kings Dr,,Charlotte,NC,282072134,US,,F
1700107018,10650 Park Rd,,Charlotte,NC,282108538,US,,
1700107018,1237 Harding Pl,Ste 4300,Charlotte,NC,28204,US,,F
1700107018,200 Medical Park Dr,Ste 230,Concord,NC,280252982,US,,F
1174886485,134 Medical Park Rd,Ste 111 - Adult Cardiology,Mooresville,NC,281178526,US,,M
1174886485,1237 Harding Pl,Ste 3100,Charlotte,NC,28204,US,,F
1174886485,1350 S Kings Dr,,Charlotte,NC,282072134,US,,F
1174886485,101 E W T Harris Blvd,Ste 1213,Charlotte,NC,282623485,US,,M
1073519385,101 E W T Harris Blvd,Ste 1213,Charlotte,NC,282623485,US,,F
1073519385,1237 Harding Pl,Ste 3100,Charlotte,NC,28204,US,,M
1073519385,134 Medical Park Rd,Ste 111 - Adult Cardiology,Mooresville,NC,281178526,US,,M
1073519385,447 McAlister Rd,STE 3200,Lincolnton,NC,280924114,US,,
1609872811,1237 Harding Pl,Ste 3100,Charlotte,NC,28204,US,,M
1609872811,134 Medical Park Rd,Ste 111 - Adult Cardiology,Mooresville,NC,281178526,US,,F
1609872811,101 E W T Harris Blvd,Ste 1213,Charlotte,NC,282623485,US,,
1609872811,447 McAlister Rd,STE 3200,Lincolnton,NC,280924114,US,,M
1700882958,447 McAlister Rd,STE 3200,Lincolnton,NC,280924114,US,,
1700882958,101 E W T Harris Blvd,Ste 1213,Charlotte,NC,282623485,US,,
1700882958,134 Medical Park Rd,Ste 111 - Adult Cardiology,Mooresville,NC,281178526,US,,F
1700882958,1237 Harding Pl,Ste 3100,Charlotte,NC,28204,US,,F
1902192586,1237 Harding Pl,Ste 3100,Charlotte,NC,28204,US,,M
1902192586,10650 Park Rd,,Charlotte,NC,282108538,US,,F
1902192586,100 Medical Park Dr,Ste 210,Concord,NC,280252948,US,,M
1902192586,1021 Morehead Medical Dr,Ste A,Charlotte,NC,282042990,US,,F
1699771790,101 E W T Harris Blvd,Ste 1213,Charlotte,NC,282623485,US,,F
1699771790,10650 Park Rd,,Charlotte,NC,282108538,US,,F
1699771790,447 McAlister Rd,STE 3200,Lincolnton,NC,280924114,US,,F
1699771790,134 Medical Park Rd,Ste 111 - Adult Cardiology,Mooresville,NC,281178526,US,,
1699771774,101 E W T Harris Blvd,Ste 1213,Charlotte,NC,282623485,US,,M
1699771774,447 McAlister Rd,STE 3200,Lincolnton,NC,280924114,US,,
1699771774,1237 Harding Pl,Ste 3100,Charlotte,NC,28204,US,,M
1699771774,134 Medical Park Rd,Ste 111 - Adult Cardiology,Mooresville,NC,281178526,US,,F
1649200759,20300 Seneca Meadows Pkwy Ste 215,,Germantown,MD,208767021,US,,F
1235336991,200 Arnet St,Suite 200,Ypsilanti,MI,481985753,US,,F
1235336991,1460 Coolidge Hwy,,River Rouge,MI,482181118,US,,
1356375463,4091 Richfield Rd,,Flint,MI,48506,US,,F
1356375463,4091 Richfield Rd,,Flint,MI,48506,US,,F
1730706433,12 St Paul Dr,,Chambersburg,PA,172011035,US,,M
1871225789,1660 L St NW Ste 514,,Washington,DC,200365603,US,,
1871225789,1718 Connecticut Ave NW Ste 201,,Washington,DC,200091148,US,,M
1902160229,635 James St,,Syracuse,NY,132032226,US,,M
1730444894,55 Lake Ave N,,Worcester,MA,16550002,US,,
1295221059,7760 Quigley Rd,,Omro,WI,549639368,US,,M
1790168946,8900 DOYNE AVE,CENTER FOR ADVANCED CARE,Milwaukee,WI,532263522,US,,F
1790168946,W180N8085 Town Hall Rd,,Menomonee Falls,WI,530513518,US,,M
1790168946,3200 Pleasant Valley Rd,,West Bend,WI,530959274,US,,M
1912550328,411 Laurel St Ste 3250,,Des Moines,IA,503143026,US,,F
1659703981,1350 Walton Way,,Augusta,GA,309012612,US,,M
1659703981,360 N Irby St,,Florence,SC,295012808,US,,
1659703981,500 Gypsy Ln,,Youngstown,OH,445041315,US,,F
1841964368,5544 Old Hickory Blvd,,Hermitage,TN,370762576,US,,
1922000603,111 S Front St,,Harrisburg,PA,171012010,US,,M
1922000603,107 S Sporting Hill Rd,,Mechanicsburg,PA,170503058,US,,
1811544331,1100 NW 95th St,,Miami,FL,331502038,US,,M
1487324653,1305 Tacoma Ave S Ste 201,,Tacoma,WA,984021903,US,,M
1801146295,705 Riley Hospital Dr,,Indianapolis,IN,462025109,US,,M
1801146295,6091 Broadway,,Merrillville,IN,464102619,US,,F
1225689169,9800 Valparaiso Dr,,Munster,IN,463214040,US,,F
1780356691,3475 S Alpine Rd,,Rockford,IL,611092604,US,,M
1780356691,370 S Main St,,Clintonville,WI,549291632,US,,M
1083189146,1701 N Senate Blvd,,Indianapolis,IN,462021239,US,,F
1083189146,950 N Meridian St,,Indianapolis,IN,462041077,US,,F
1841543022,1645 Haven Ave,Suite C,Ocean City,NJ,82263066,US,,
1306447297,920 E Baltimore Pike,,Kennett Square,PA,193481800,US,311,M
1114495322,550 S Hudson Ave,,Aurora,MO,656052362,US,,M
1982000451,405 W Country Club Rd,,Roswell,NM,882015209,US,,
1083958912,4701 Von Karman Ave Ste 330,,Newport Beach,CA,926608136,US,,
1609470780,4604 York Rd,,Baltimore,MD,212124726,US,,F
1609470780,6501 N Charles St,,Baltimore,MD,212046819,US,,M
1760541304,9850C Emmett F Lowry Expy Ste C103,,Texas City,TX,775912122,US,,M
1760541304,4700 Broadway St Ste F100,,Galveston,TX,775514208,US,,F
1497816482,4700 Broadway St Ste F100,,Galveston,TX,775514208,US,,M
1497816482,9850C Emmett F Lowry Expy Ste C103,,Texas City,TX,775912122,US,,
1124666805,10810 Parkside Dr Ste 306,,Knoxville,TN,379341986,US,,
1972010411,401 Lake Sega Rd,,Brevard,NC,287127816,US,,
1831607761,46040 Center Oak Plz Ste 150,,Sterling,VA,201666611,US,,F
1780922948,2215 Burdett Ave,,Troy,NY,121802466,US,,F
1780922948,315 S Manning Blvd,,Albany,NY,122081707,US,,F
1881131126,8710 Frederick St Ste 100,,Omaha,NE,681243061,US,,M
1881131126,7215 Ontario St,,Omaha,NE,681243574,US,,
1215083993,6901 W Edgerton Ave,,Greenfield,WI,532204420,US,,
1215083993,1100 Balsam Ave,,Boulder,CO,803043404,US,,F
1215083993,10350 E Dakota Ave,,Denver,CO,802471314,US,,M
1255839502,5650 Mexico Rd Ste 2,,Saint Peters,MO,633761696,US,,M
1720784713,757 E 103rd St,,Brooklyn,NY,112362849,US,,
1720784713,1 Ocean Dr,,Brooklyn,NY,112243746,US,,F
1720784713,1634 Sterling Pl,,Brooklyn,NY,112334930,US,,F
1720784713,953 Dekalb Ave,,Brooklyn,NY,112212049,US,,F
1043916034,1811 South Blvd,,Dallas,TX,752152881,US,,F
1043916034,4950 Wadsworth Dr,,Dallas,TX,752167838,US,,M
1043916034,7324 Skillman St,,Dallas,TX,752318464,US,,
1043916034,2727 Cleveland St,,Dallas,TX,752152739,US,,F
1114623006,402 22nd Ave S,,Seattle,WA,981442269,US,,F
1114623006,415 Boren Ave,,Seattle,WA,981042419,US,,F
1114623006,4720 Rainier Ave S,,Seattle,WA,981181677,US,,F
1114623006,4555 39th Ave SW,,Seattle,WA,981164284,US,,M
1700582590,136 Tiffany Blvd,,Newark,NJ,71042458,US,,F
1700582590,15 Goldsmith Ave,,Newark,NJ,71122375,US,,
1700582590,981 18th Ave,,Newark,NJ,71062615,US,,
1700582590,413 N 12th St,,Newark,NJ,71071364,US,,F
1972209765,1660 Peachtree St NW,,Atlanta,GA,303092470,US,,M
1972209765,2124 Cheshire Bridge Rd NE,,Atlanta,GA,303245708,US,,F
1972209765,525 North Ave NE,,Atlanta,GA,303082782,US,,F
1730502261,2601 Electric Ave,,Port Huron,MI,480606587,US,,
1578269866,6600 W Emerald St,,Boise,ID,837048738,US,,
1578269866,9292 W Barnes Dr,,Boise,ID,837091554,US,,F
1578269866,847 Parkcentre Way Ste 7,,Nampa,ID,836511794,US,,F
1578269866,7941 W Rifleman St,,Boise,ID,837049001,US,,F
1508563529,4500 13th St # 900,,Gulfport,MS,395012515,US,,F
1346740719,5802 Saratoga Blvd Ste 306,,Corpus Christi,TX,784144252,US,,F
1346740719,6202 Dunbarton Oak St,,Corpus Christi,TX,784143597,US,,M
1366198582,2934 Lakewood Ave Apt A1,,Lima,OH,458052952,US,,F
1548915812,5731 Brookside Rd,,Brookside Village,TX,775817282,US,,
1902552649,505 Grand Blvd Ste 1,,Deer Park,NY,117295300,US,,M
1902552649,21418 24th Ave,,Bayside,NY,113602219,US,,F
1447226212,7800 Shoal Creek Blvd Ste 130W,,Austin,TX,787571040,US,,M
1558787911,2640 Industry Way,,Lynwood,CA,902624284,US,,F
1710687017,137 Merano St,,Danville,CA,945261968,US,,F
1609576917,1002 Churchill Rd Ste 1,,Mahomet,IL,618537456,US,,M
1043910367,4601 Spicewood Springs Rd Ste 200,,Austin,TX,787598598,US,,M
1528768835,8406 Queens Blvd,,Elmhurst,NY,113734239,US,,
1528768835,5205 Van Loon St,,Elmhurst,NY,113734258,US,,M
1780384099,730 Brewers Bridge Rd # S1,,Jackson,NJ,85272033,US,,
1780384008,7119 80th St Ste 8213,,Glendale,NY,113857733,US,,
1871293100,666 W Corbett Ave,,Swansboro,NC,285848450,US,222,
1215637541,8500 Washington St NE Ste A1,,Albuquerque,NM,871131861,US,,F
1720472004,1100 Ridgefield Blvd Ste 190,,Asheville,NC,288066211,US,,F
1841828365,22999 Highway 59 N,,Kingwood,TX,773394412,US,,F
1841828365,1 Wyoming St,,Dayton,OH,454092711,US,,F
1841828365,3535 Southern Blvd,,Dayton,OH,454291298,US,,F
1841828365,10426 N Pagewick Dr,,Houston,TX,770417854,US,,
1811517899,950 Campbell Ave,,West Haven,CT,65162770,US,2731,M
1285379388,84 Somerset Blvd,,Charles Town,WV,254144827,US,,M
1922629674,18 E Laurel Rd,,Stratford,NJ,80841327,US,,M
1780268599,2825 E Mall Dr,,St George,UT,847901954,US,,F
1780268599,355 N Main St,,Kanab,UT,847413260,US,,M
1811561756,901 Preston Ave Ste 301,,Charlottesville,VA,229034491,US,,F
1205492006,1160 E Murray Holladay Rd,,Salt Lake City,UT,841174927,US,,F
1285689497,20261 E Ocotillo Rd,Suite 110,Queen Creek,AZ,851428806,US,,F
1255822524,11219 Financial Centre Pkwy Ste 260,,Little Rock,AR,722113882,US,,F
1255822524,6401 Poplar Ave Ste 302,,Memphis,TN,381194823,US,,F
1255822524,8000 Highway 107 Ste 1,,Sherwood,AR,721205204,US,,
1023301280,5801 Norris Canyon Rd Ste 200,,San Ramon,CA,945835440,US,,M
1023301280,11645 Biscayne Blvd,Suite 207,North Miami,FL,331813155,US,1676,
1235399759,Wilford Hall Ambulatory Surgical Center,2200 Bergquist Drive,JBSA-Lackland,TX,78236,US,,M
1326663857,1217 S Atlanta Pl,,Tulsa,OK,741044310,US,,
1326663857,1695 E Rainforest Rd,,Fayetteville,AR,727035385,US,,F
1093165433,701 10th St SE,,Cedar Rapids,IA,524031251,US,,
1245267616,619 19th Street South,,Birmingham,AL,35233,US,,F
1245267616,1500 Red River St,,Austin,TX,787011918,US,,M
1245267616,1601 Trinity St,,Austin,TX,787121765,US,,M
1164861134,660 S Euclid Ave # Cb8054,,Saint Louis,MO,631101010,US,,M
1164861134,3375 SW Terwilliger Blvd,,Portland,OR,972394146,US,,F
1164861134,100 Grand St,,New Britain,CT,60522016,US,,
1164861134,1124 E Ridgewood Ave,,Ridgewood,NJ,74503942,US,,
1023246485,1350 S Kings Dr,,Charlotte,NC,282072134,US,,F
1023246485,1100 Blythe Blvd,,Charlotte,NC,282035814,US,,M
1023246485,134 Medical Park Rd,Ste 111 - Adult Cardiology,Mooresville,NC,281178526,US,,M
1023246485,101 E W T Harris Blvd,Ste 1213,Charlotte,NC,282623485,US,,F
1508177437,1350 S Kings Dr,,Charlotte,NC,282072134,US,,
1508177437,1100 Blythe Blvd,,Charlotte,NC,282035814,US,,M
1508177437,1010 Edgehill Rd N,,Charlotte,NC,282071885,US,,F
1508177437,1237 Harding Pl,Ste 3300,Charlotte,NC,28204,US,,F
1922480961,10650 Park Rd,,Charlotte,NC,282108538,US,,F
1922480961,100 Medical Park Dr,Ste 210,Concord,NC,280252948,US,,F
1922480961,1550 Faulk St,Ste 3100,Monroe,NC,281125086,US,,M
1922480961,1237 Harding Pl,Ste 4400,Charlotte,NC,28204,US,,F
1598962367,10650 Park Rd,,Charlotte,NC,282108538,US,,
1598962367,1550 Faulk St,Ste 3100,Monroe,NC,281125086,US,,F
1598962367,15110 John J Delaney Dr,Ste 200,Charlotte,NC,282773544,US,,F
1598962367,1237 Harding Pl,Ste 4400,Charlotte,NC,28204,US,,F
1285155226,1885 Lundy Ave Ste 223,,San Jose,CA,95131,US,,F
1316399306,7321 Balmer St Bldg 570,,Hill Air Force Base,UT,840565012,US,,F
1568846038,3801 S Kanner Hwy,,Stuart,FL,349944801,US,,F
1578588406,4700 Broadway St Ste F100,,Galveston,TX,775514208,US,,M
1003222977,9019 Washington St NE Ste A,,Albuquerque,NM,871132435,US,,F
1003222977,1555 S Havana St Unit F-268,,Aurora,CO,800125004,US,,M
1003222977,7108 S Kanner Hwy,,Stuart,FL,349977462,US,,F
1659388114,6 E Eppley Dr,,Carlisle,PA,170134378,US,,M
1144830027,126 E Granville St,,Windsor,NC,279836754,US,,
1104837665,775 Poplar Rd Ste Ll20,,Newnan,GA,302658306,US,,F
1104837665,2918 W Coachman Ave,,Tampa,FL,336112810,US,,F
1578281424,1325 N Litchfield Rd Ste 140,,Goodyear,AZ,853951215,US,,F
1578281424,5830 N 19th Ave,,Phoenix,AZ,850152494,US,,F
1184271439,202 Rose Hill Dr,,Pawleys Island,SC,295857251,US,,F
1184271439,606 E Davis St,,Burlington,NC,272155922,US,,F
1831670405,1900 N Howard St Ste 300,,Baltimore,MD,212185909,US,,F
1922612530,705 Riley Hospital Dr,,Indianapolis,IN,462025109,US,,
1922612530,1716 Hartford St,,Lafayette,IN,479042138,US,,F
1922612530,416 W Camp St,,Lebanon,IN,460521799,US,,F
1922612530,2316 South St,,Lafayette,IN,479042971,US,,F
1386360345,3315 Roosevelt Rd Ste 200B,,Saint Cloud,MN,563019687,US,,M
1003284142,4236 Lindell Blvd,Suite #200,Saint Louis,MO,631082948,US,,M
1003284142,3250 Hampton Ave,,Saint Louis,MO,631392379,US,,F
1891213914,400 N Pepper Ave,,Colton,CA,923241801,US,,F
1174833834,1 Cvs Dr,,Woonsocket,RI,28956146,US,,F
1174833834,3331 Hamilton Mill Rd,Ste 1102,Buford,GA,30519,US,,F
1831807080,5323 Harry Hines Blvd,,Dallas,TX,753909090,US,,M
1861037277,6780 Mayfield Rd,,Mayfield Heights,OH,441242203,US,,F
1588172746,3948 N Sheridan Rd,,Chicago,IL,606132935,US,,M
1588172746,8324 Skokie Blvd,,Skokie,IL,600772545,US,502,M
1588172746,3948 N Sheridan Rd,,Chicago,IL,606132935,US,,M
1255809810,5001 El Paso Dr,,El Paso,TX,799052827,US,,M
1700596020,1741 Eastlake Pkwy # 102-122,,Chula Vista,CA,919152032,US,,F
1285901553,718 N Macomb St,,Monroe,MI,481627815,US,,F
1285901553,135 S Prospect St,,Ypsilanti,MI,481987914,US,,F
1588201297,523 N 291 Hwy,,Liberty,MO,640681045,US,,M
1962560995,11219 Financial Centre Pkwy Ste 260,,Little Rock,AR,722113882,US,,
1962560995,6401 Poplar Ave Ste 302,,Memphis,TN,381194823,US,,F
1962560995,8000 Highway 107 Ste 1,,Sherwood,AR,721205204,US,,M
1598820235,63 Flushing Ave Bldg 2,,Brooklyn,NY,112051010,US,,F
1740426568,Meritcare Medical Group,737 Braodway,Fargo,ND,581220001,US,,F
1114297868,371 Calle De Diego,,San Juan,PR,9233002,US,,
1114297868,Carr 811 Km 0.6 Interior,,Naranjito,PR,719,US,,M
1710308002,401 Haddon Ave,"E&R building, Third Floor",Camden,NJ,81031505,US,,F
1710308002,10701 East Blvd,,Cleveland,OH,441061702,US,61026,
1710308002,11937 US Highway 271,,Tyler,TX,757083154,US,,
1902952393,800 West Ave S,,La Crosse,WI,546018806,US,,F
1902952393,615 South 10th St,,La Crosse,WI,546017464,US,,
1366989493,4000 W Metropolitan Dr,,Orange,CA,928683504,US,,
1063552487,60 Lincoln Center Plz,The Juilliard School - Health Services,New York,NY,100236500,US,,F
1316447907,2621 Victory Pkwy,,Cincinnati,OH,452061754,US,2132,F
1720788060,91 S 3rd St # 93,,Brooklyn,NY,112495114,US,,
1255031514,200 Association Dr Ste 130,,Charleston,WV,253111277,US,,F
1124776588,317 W Hill St Ste 101,,Decatur,GA,300304368,US,,F
1376003186,13500 N Meridian St,,Carmel,IN,460321456,US,,F
1376003186,2001 W 86th St,,Indianapolis,IN,462601902,US,,F
1558637124,1365 Clifton Rd NE Bldg A4th,,Atlanta,GA,303223548,US,,
1528646502,50 Irving St NW,,Washington,DC,204220001,US,56015,
1811350200,260 Mj Taylor Rd,,Adel,GA,316203485,US,,M
1811350200,919 E 32nd St,,Austin,TX,787052703,US,,F
1316529837,3551 Roger Brooke Dr,,Fort Sam Houston,TX,782344504,US,,
1801385281,3811 Bee Caves Rd,,West Lake Hills,TX,787465383,US,,
1477040673,1900 Murray Ave Ste 206,,Pittsburgh,PA,152171657,US,,F
1528232014,1201A Hill Rd,,Smithville,TX,789579533,US,,F
1164713269,2160 S 1st Ave,,Maywood,IL,601533328,US,,F
1164713269,901 MacArthur Blvd,,Munster,IN,463212901,US,,M
1710108105,1215 Lee St,,Charlottesville,VA,229080816,US,,M
1548529969,1135 Gregg Hwy NW,,Aiken,SC,298016341,US,,F
1952757007,2305 Georgia St,,Louisiana,MO,633532559,US,,
1952757007,1203 Smizer Mill Rd Ste 100,,Fenton,MO,630263483,US,,
1952757007,509 W 18th St,,Hermann,MO,650411547,US,,
1265666820,8573 County Road 64,,Daphne,AL,365268706,US,,F
1265666820,2305 Hand Ave,,Bay Minette,AL,365074191,US,,F
1699986158,1740 W Taylor St,,Chicago,IL,606127232,US,,
1710145859,701 N Broadway,,Sleepy Hollow,NY,105911020,US,,
1922411081,541 Historic Hwy 441 N,,Demorest,GA,30535,US,,
1427540434,43839 15th St W,,Lancaster,CA,935344756,US,,M
1508894627,2029 W Beauregard Ave,,San Angelo,TX,769013812,US,,F
1609226067,2173 N Ridge Rd E,Suite E,Lorain,OH,44055,US,,
1952538910,50100 Golsh Rd,,Valley Center,CA,920825338,US,5392,F
1851773196,3288 Moanalua Rd,,Honolulu,HI,96819,US,,
1851773196,1 Jarrett White Rd,GME OFFICE (MCHK-HE-ME),Tripler Army Medical Center,HI,968595001,US,,M
1184852592,243 Dunn Rd,,Florissant,MO,630317928,US,,F
1083811897,1237 Harding Pl,Ste 3200,Charlotte,NC,28204,US,,F
1083811897,929 N 2nd St,Ste 205,Albemarle,NC,280013363,US,,F
1083811897,1350 S Kings Dr,,Charlotte,NC,282072134,US,,F
1083811897,10650 Park Rd,Ste 300,Charlotte,NC,282108538,US,,F
1558979021,332 N Trade St,Ste 2000-A,Matthews,NC,281051728,US,,
1558979021,16645 Birkdale Commons Pkwy,Ste 100,Huntersville,NC,280785669,US,,F
1558979021,332 N Trade St,Ste 2000-A,Matthews,NC,281051728,US,,
1558979021,4525 Cameron Valley Pkwy,Ste 4100D,Charlotte,NC,282114369,US,,F
1730759309,1350 S Kings Dr,,Charlotte,NC,282072134,US,,
1730759309,10650 Park Rd,,Charlotte,NC,282108538,US,,
1730759309,1237 Harding Pl,Ste 3100,Charlotte,NC,28204,US,,
1730759309,100 Medical Park Dr,Ste 210,Concord,NC,280252948,US,,M
1720003429,1350 S Kings Dr,,Charlotte,NC,282072134,US,,
1720003429,1237 Harding Pl,Ste 3200,Charlotte,NC,28204,US,,M
1720003429,10650 Park Rd,Ste 300,Charlotte,NC,282108538,US,,F
1104842244,929 N 2nd St,Ste 205,Albemarle,NC,280013363,US,,M
1104842244,1601 Abbey Pl,STE 200,Charlotte,NC,282093835,US,,F
1104842244,1350 S Kings Dr,,Charlotte,NC,282072134,US,,F
1104842244,3025 Springbank Ln,Ste 100,Charlotte,NC,282263362,US,,M
1699903534,1237 Harding Pl,Ste 3100,Charlotte,NC,28204,US,,M
1699903534,447 McAlister Rd,STE 3200,Lincolnton,NC,280924114,US,,
1699903534,101 E W T Harris Blvd,Ste 1213,Charlotte,NC,282623485,US,,
1699903534,134 Medical Park Rd,Ste 111 - Adult Cardiology,Mooresville,NC,281178526,US,,M
1548643984,1237 Harding Pl,Ste 4200,Charlotte,NC,28204,US,,
1548643984,100 Medical Park Dr,Ste 210,Concord,NC,280252948,US,,
1548643984,134 Medical Park Rd,Ste 111 - Adult Cardiology,Mooresville,NC,281178526,US,,F
1548643984,1237 Harding Pl,Ste 4100,Charlotte,NC,28204,US,,
1336635481,1237 Harding Pl,Ste 3100,Charlotte,NC,28204,US,,F
1336635481,1000 Blythe Blvd,,Charlotte,NC,282035812,US,,F
1336635481,101 E W T Harris Blvd,Ste 1213,Charlotte,NC,282623485,US,,M
1336635481,447 McAlister Rd,STE 3200,Lincolnton,NC,280924114,US,,M
1750315164,10631 Greenbelt Rd Ste 303,,Lanham,MD,207062282,US,,
1972521169,3025 Springbank Ln,Ste 100,Charlotte,NC,282263362,US,,F
1972521169,1237 Harding Pl,Ste 3200,Charlotte,NC,28204,US,,
1972521169,1350 S Kings Dr,,Charlotte,NC,282072134,US,,M
1265695639,1237 Harding Pl,Ste 3200,Charlotte,NC,28204,US,,F
1265695639,10650 Park Rd,Ste 300,Charlotte,NC,282108538,US,,M
1265695639,1350 S Kings Dr,,Charlotte,NC,282072134,US,,F
1679736631,1237 Harding Pl,Ste 2400,Charlotte,NC,28204,US,,
1396764650,4525 Cameron Valley Pkwy,Ste 2500,Charlotte,NC,282114369,US,,
1396764650,1237 Harding Pl,Ste 2600,Charlotte,NC,28204,US,,F
1790984490,447 McAlister Rd,STE 3200,Lincolnton,NC,280924114,US,,F
1790984490,101 E W T Harris Blvd,Ste 1213,Charlotte,NC,282623485,US,,
1790984490,134 Medical Park Rd,Ste 111 - Adult Cardiology,Mooresville,NC,281178526,US,,
1790984490,1237 Harding Pl,Ste 3100,Charlotte,NC,28204,US,,
1962422212,1021 Morehead Medical Dr,Ste A,Charlotte,NC,282042990,US,,M
1962422212,1237 Harding Pl,Ste 3300,Charlotte,NC,28204,US,,F
1962422212,10650 Park Rd,Ste 300,Charlotte,NC,282108538,US,,M
1962422212,1350 S Kings Dr,,Charlotte,NC,282072134,US,,M
1215956156,501 Billingsley Rd,Ste B,Charlotte,NC,282111009,US,,F
1215956156,7825 Ballantyne Commons Pkwy,Ste 110,Charlotte,NC,282773174,US,,
1215956156,447 Billingsley Rd,Cottage A,Charlotte,NC,28211,US,,M
1174787774,1001 Blythe Blvd,"Medical Center Plaza, Suite 200",Charlotte,NC,282035866,US,,F
1174787774,1781 Tate Blvd SE,Ste 203,Hickory,NC,286024251,US,,M
1174787774,100 Medical Park Dr,Ste 310,Concord,NC,280252948,US,,F
1174787774,11530 Providence Rd,Ste 2100,Charlotte,NC,28277,US,,F
1255772760,1237 Harding Pl,Ste 3100,Charlotte,NC,28204,US,,
1245257682,1021 Morehead Medical Dr,Ste A,Charlotte,NC,282042990,US,,M
1245257682,10650 Park Rd,Ste 300,Charlotte,NC,282108538,US,,M
1245257682,1350 S Kings Dr,,Charlotte,NC,282072134,US,,M
1659626893,1781 Tate Blvd SE,Ste 203,Hickory,NC,286024251,US,,F
1659626893,100 Medical Park Dr,Ste 310,Concord,NC,280252948,US,,
1659626893,11530 Providence Rd,Ste 2100,Charlotte,NC,28277,US,,M
1578172045,505 S Park St,,Genoa,NE,686403036,US,,F
1578172045,2740 N Clarkson St,,Fremont,NE,680257702,US,,M
1861413437,1025 Morehead Medical Dr,Ste 500 FL 5,Charlotte,NC,282042963,US,,
1861413437,7810 Providence Rd,Ste 105,Charlotte,NC,282262954,US,,F
1861413437,6030 W Highway 74,Ste B,Indian Trail,NC,280793468,US,,M
1861413437,101 E W T Harris Blvd,Ste 2320,Charlotte,NC,282623485,US,,F
1164156055,1025 Morehead Medical Dr,Ste 500 FL 5,Charlotte,NC,282042963,US,,F
1164156055,1010 Edgehill Rd N,,Charlotte,NC,282071885,US,,M
1164156055,1237 Harding Pl,Ste 3100,Charlotte,NC,28204,US,,
1164156055,1350 S Kings Dr,,Charlotte,NC,282072134,US,,
1992050702,1225 S Grand Blvd Fl 3,,Saint Louis,MO,631041016,US,,F
1194247668,1237 Harding Pl,Ste 3200,Charlotte,NC,28204,US,,F
1235702689,2550 N Hollywood Way Ste 102,,Burbank,CA,915055031,US,,
1588049100,331 W Surf St Ste 6400,,Chicago,IL,606577227,US,,F
1588049100,3000 N Halsted St Ste 525,,Chicago,IL,606579269,US,,F
1558817205,100 Michigan St NE # Mc13,,Grand Rapids,MI,495032560,US,,
1487200093,200 May St,,Attleboro,MA,27035520,US,,F
1982216503,2934 Lakewood Ave Apt A1,,Lima,OH,458052952,US,,
1578556833,415 6th St,,Lewiston,ID,83501,US,,F
1578556833,1271 Highland Ave,Ste B,Clarkston,WA,994032846,US,,
1326651795,1 Halloran Drive,,St. Clairsville,OH,43950,US,,F
1326651795,1010 Wayne Ave Ste 675,,Silver Spring,MD,209105676,US,,M
1295983286,200 S Enota Dr NE,Ste 200,Gainesville,GA,305013473,US,,F
1861006702,3500 Carnegie Ave,,Cleveland,OH,441152641,US,,
1043754062,9981 S Healthpark Dr,,Fort Myers,FL,339083618,US,,F
1043754062,3361 Pine Ridge Rd Ste 201,,Naples,FL,341093938,US,,F
1043754062,13340 Ginger Lily Ct,,Fort Myers,FL,339035246,US,,M
1720361835,1600 Rockland Rd,,Wilmington,DE,198033607,US,,
1720361835,1 Childrens Way,,Little Rock,AR,722023500,US,,F
1912418468,1000 Mineral Point Ave,,Janesville,WI,535482940,US,,F
1912418468,8701 W Watertown Plank Rd,,Milwaukee,WI,532263548,US,,F
1912418468,8701 W Watertown Plank Rd,,Milwaukee,WI,532263548,US,,F
1912418468,8800 W Doyne Ave,,Milwaukee,WI,532265303,US,,M
1104900083,4242 Mathewson Dr NW,,Washington,DC,200114248,US,,M
1104900083,455 Toll Gate Rd,,Warwick,RI,28862770,US,,M
1104900083,900 23rd St NW,,Washington,DC,200372342,US,,F
1629068440,555 S 70th St,,Lincoln,NE,685102462,US,,F
1699853853,1404 Sweet Home Rd Ste 5,,Amherst,NY,142282778,US,,
1699853853,818 Ellicott St,,Buffalo,NY,142031021,US,,F
1326038159,105 N High St,,Henderson,TX,756523133,US,,M
1326038159,105 Zeid Blvd,,Henderson,TX,756526070,US,,F
1326038159,2114 E Rusk St,,Jacksonville,TX,757669052,US,,M
1326038159,502 E Goode St Ste 1E,,Quitman,TX,757832539,US,,F
1417101411,1 Gustave L Levy Pl,Anesthesiology - Box 1010,New York,NY,100296500,US,,M
1396174843,1449 Brampton Ave,,Statesboro,GA,304580854,US,,F
1396174843,1000B Veterans Blvd,,Glennville,GA,30427,US,,F
1396174843,1000B Veterans Blvd,,Glennville,GA,30427,US,,M
1134837172,11172 Highway 142 N,,Covington,GA,300142547,US,,
1568170306,11680 Great Oaks Way Ste 330,,Alpharetta,GA,300222457,US,,M
1063121010,1 Childrens Plz,,Dayton,OH,454041873,US,,F
1063121010,3333 W Tech Rd,,Miamisburg,OH,453420955,US,,F
1063121010,662 N Main St,,Springboro,OH,450669553,US,,
1063121010,3301 Dayton Xenia Rd Ste 200,,Beavercreek,OH,454322759,US,,M
1063121010,7787 Cox Ln,,West Chester,OH,450696549,US,,M
1063121010,1 Childrens Plz,,Dayton,OH,454041873,US,,
1063121010,3333 W Tech Rd,,Miamisburg,OH,453420955,US,,M
1063121010,8809 Wilkens Blvd,,Mason,OH,450407390,US,,
1922578970,541 E 71st St Fl 4,,New York,NY,100214871,US,,
1922578970,68 School Rd,Ste 100,Frisco,CO,804430000,US,,F
1447966312,5538 University Ave,,San Diego,CA,921052307,US,,M
1558992552,300 Longwood Ave,,Boston,MA,21155724,US,,M
1285340554,3732 Saratoga Dr,,Metairie,LA,700027032,US,,
1497720460,3400 Cooperative Way,,Lebanon,OR,973554063,US,,F
1497720460,1755 SW Baker St,,McMinnville,OR,971289112,US,,
1497720460,186 W Ellendale Ave,,Dallas,OR,973381408,US,,M
1497720460,2902 Tom Tennant Dr,,Woodburn,OR,970712828,US,,F
1568822187,1707 Village Center Cir Ste 140,,Las Vegas,NV,891340577,US,,F
1568822187,7121 W Craig Rd Ste 113,,Las Vegas,NV,891296023,US,,M
1578263836,5900 Monona Dr Ste 400,,Monona,WI,537163561,US,,M
1043910318,12865 Pointe Del Mar Way Ste 200,,Del Mar,CA,920143860,US,,F
1487070868,8240 Antoine Dr Ste 107,,Houston,TX,770882522,US,,F
1558998856,1600 S Andrews Ave,,Fort Lauderdale,FL,333162510,US,,F
1548526437,598 W Old County Rd,,Belhaven,NC,278101232,US,,F
1548526437,508 Fulton St,,Durham,NC,277053875,US,,
1689038390,7297 Sparta Pike,,Watertown,TN,371844352,US,,
1689038390,754 N Mount Juliet Rd,,MT Juliet,TN,371223950,US,,M
1356705891,2150 Trawood Dr Ste B161,,El Paso,TX,799353322,US,,F
1356705891,3751 Del Rey Blvd,,Las Cruces,NM,880127710,US,,
1356705891,12151 W Parmer Ln Ste 202,,Cedar Park,TX,786132171,US,,M
1366061038,7726 Center Blvd SE Ste 100,,Snoqualmie,WA,980658749,US,,M
1366061038,126 E 2nd St,,North Bend,WA,980459175,US,,M
1366061038,22620 SE 4th St Ste 110,,Sammamish,WA,980747375,US,,F
1275978538,1 Medical Center Dr,DHMC Department of Orthopaedic Surgery,Lebanon,NH,37561000,US,,F
1275978538,862 Meinecke Ave Ste 100,,San Luis Obispo,CA,934053701,US,,F
1700312444,3730 Plaza Way,,Kennewick,WA,99338,US,,M
1205885563,1203 Smizer Mill Rd Ste 100,,Fenton,MO,630263483,US,,M
1205885563,509 W 18th St,,Hermann,MO,650411547,US,,
1205885563,2305 Georgia St,,Louisiana,MO,633532559,US,,M
1982358479,2633 16th St,,Bakersfield,CA,933013348,US,,
1386693299,15 Turtle Creek Drive,,Asheville,NC,288033152,US,,F
1386693299,191 Biltmore Avenue,,Asheville,NC,288014109,US,,F
1386693299,188 Medical Park Drive,Ste A,Brevard,NC,287124188,US,,M
1376595611,800 W Highway 71,,Marble Falls,TX,786548606,US,,M
1346295458,4105 Kirkman St,,Lake Charles,LA,706074603,US,,
1053579961,800 E Dawson St,,Tyler,TX,757012036,US,,
1053579961,700 E Marshall Ave,,Longview,TX,756015580,US,,F
1134480197,188 Medical Park Drive,Ste A,Brevard,NC,287124188,US,,
1134480197,15 Turtle Creek Drive,,Asheville,NC,288033152,US,,F
1134480197,191 Biltmore Avenue,,Asheville,NC,288014109,US,,F
1548619646,3601 W 13 Mile Rd,Beaumont Physician Extenders - RO,Royal Oak,MI,480736712,US,,F
1548619646,44250 Dequindre Rd,,Sterling Heights,MI,483141002,US,,M
1316677636,921 S 8th Ave Stop 8253,,Pocatello,ID,832092205,US,,F
1558390492,480 Fentress Blvd,Suite N,Daytona Beach,FL,321141238,US,,F
1467947341,1800 E Lake Shore Dr,,Decatur,IL,625213810,US,,
1134144876,9961 Sierra Ave,,Fontana,CA,923356720,US,,
1083020572,1658 St Vincents Way,Suite 100,Middleburg,FL,320688446,US,,M
1649622390,817 Lawn Ave,,Sellersville,PA,189601579,US,,F
1528610532,2420 E 25th St,,Idaho Falls,ID,834047549,US,,M
1528610532,755 Lomax St,,Idaho Falls,ID,834012786,US,,F
1528610532,1301 E 17th St,,Idaho Falls,ID,834046273,US,,F
1225238272,1350 S Kings Dr,,Charlotte,NC,282072134,US,,
1225238272,101 E W T Harris Blvd,Ste 1213,Charlotte,NC,282623485,US,,F
1225238272,447 McAlister Rd,STE 3200,Lincolnton,NC,280924114,US,,F
1225238272,1237 Harding Pl,Ste 3100,Charlotte,NC,28204,US,,F
1720495989,3259 Catlin Ave,,Quantico,VA,221345109,US,,M
1720495989,2150 Pennsylvania Ave NW Fl 5,,Washington,DC,200373201,US,,F
1235159625,1237 Harding Pl,Ste 3200,Charlotte,NC,28204,US,,M
1932541596,1237 Harding Pl,Ste 3200,Charlotte,NC,28204,US,,F
1992358816,1237 Harding Pl,Ste 3200,Charlotte,NC,28204,US,,F
1992358816,10650 Park Rd,Ste 300,Charlotte,NC,282108538,US,,M
1992358816,1350 S Kings Dr,,Charlotte,NC,282072134,US,,
1447538798,2055 Kimball Avenue,Suite 101,Waterloo,IA,507025047,US,,
1447538798,1717 S J St,,Tacoma,WA,984054933,US,,M
1043695869,16645 Birkdale Commons Pkwy,Ste 100,Huntersville,NC,280785669,US,,F
1043695869,275 N Nc 16 Business Hwy,Ste 104,Denver,NC,280373000,US,,M
1043695869,332 N Trade St,Ste 2000-A,Matthews,NC,281051728,US,,M
1043695869,11530 Providence Rd,Ste 2300,Charlotte,NC,28277,US,,
1336662444,1237 Harding Pl,Ste 3200,Charlotte,NC,28204,US,,
1780109561,139 Fulton Street,Suite # 208,New York,NY,100382538,US,,M
1184359523,1237 Harding Pl,Ste 4400,Charlotte,NC,28204,US,,
1184359523,10650 Park Rd,,Charlotte,NC,282108538,US,,
1184359523,146 Medical Park Rd,Ste 206,Mooresville,NC,281178528,US,,F
1184359523,1550 Faulk St,Ste 3100,Monroe,NC,281125086,US,,F
1801271556,7825 Ballantyne Commons Pkwy,Ste 110,Charlotte,NC,282773174,US,,M
1801271556,501 Billingsley Rd,Cottage B,Charlotte,NC,282111009,US,,M
1801271556,16740 Davidson Concord Rd,Ste 200,Davidson,NC,280368746,US,,F
1801271556,16740 Davidson Concord Rd,Ste 200,Davidson,NC,280368746,US,,
1275557571,101 E W T Harris Blvd,Ste 1213,Charlotte,NC,282623485,US,,F
1275557571,134 Medical Park Rd,Ste 111 - Adult Cardiology,Mooresville,NC,281178526,US,,F
1275557571,1237 Harding Pl,Ste 3100,Charlotte,NC,28204,US,,M
1275557571,447 McAlister Rd,STE 3200,Lincolnton,NC,280924114,US,,F
1528582103,100 Medical Park Dr,Ste 210,Concord,NC,280252948,US,,M
1528582103,146 Medical Park Rd,Ste 206,Mooresville,NC,281178528,US,,F
1528582103,15110 John J Delaney Dr,Ste 200,Charlotte,NC,282773544,US,,M
1528582103,10650 Park Rd,,Charlotte,NC,282108538,US,,F
1104470392,10650 Park Rd,,Charlotte,NC,282108538,US,,
1104470392,1237 Harding Pl,Ste 3100,Charlotte,NC,28204,US,,
1104470392,1350 S Kings Dr,,Charlotte,NC,282072134,US,,
1104470392,101 E W T Harris Blvd,Ste 1213,Charlotte,NC,282623485,US,,F
1235144924,1237 Harding Pl,Ste 2600,Charlotte,NC,28204,US,,F
1235144924,4525 Cameron Valley Pkwy,Ste 2500,Charlotte,NC,282114369,US,,M
1316557028,400 N Stephanie St Ste 310,,Henderson,NV,890146608,US,,
1922431642,1455 S Lapeer Rd Ste 100,,Lake Orion,MI,483601468,US,,F
1922431642,44199 Dequindre Rd Ste 502,,Troy,MI,480851128,US,,
1396411690,124 Main St Ste 2,,New Paltz,NY,125611552,US,,F
1356017636,4634 Basswood Rd,,Greenwood,FL,324431830,US,,F
1356017636,1798 Georgia St,,Alford,FL,324206800,US,,M
1356017636,4896 Highway 90 Ste A,,Marianna,FL,324467840,US,,
1508957903,4033 Talbot Rd S,STE 450. East,Renton,WA,980555772,US,,F
1598759003,450 Clarkson Ave,2nd Fl. Rm# A2-393,Brooklyn,NY,112032056,US,,F
1174245310,4285 Development Dr,,Lansing,MI,489114213,US,,M
1821284787,7782 E Fledgling Dr,,Scottsdale,AZ,852557716,US,,M
1154088722,840 N 87th St,,Milwaukee,WI,532263586,US,,
1841914553,1820 W Orangewood Ave,,Orange,CA,928682043,US,,
1073285185,2121 Barrett Station Rd,,Saint Louis,MO,631311606,US,,F
1992347215,161 Jd Towles Dr,,Willow Park,TX,760878654,US,,F
1518057009,3551 Roger Brooke Dr,,Fort Sam Houston,TX,782344504,US,,F
1467549139,4100 McClellan Blvd,,Anniston,AL,362012132,US,,M
1881882066,901 Boren Ave,#800,Seattle,WA,981043534,US,,F
1053038000,2001 Perrysburg Holland Rd,,Holland,OH,435287005,US,,F
1053038000,4560 W Alexis Rd,,Toledo,OH,436231082,US,,F
1053038000,5360 Harroun Rd,,Sylvania,OH,435602114,US,,M
1780301390,65 Arvac Ln,,Russellville,AR,728020988,US,6106,M
1124629605,2669 Scenic Dr,,Alamogordo,NM,883108700,US,,
1972072106,217 Broadway,,East Seattle,WA,981025139,US,,
1972072106,21600 Highway 99 Ste 240,,Edmonds,WA,980265139,US,,F
1992179097,138 NE 3rd St,,Gresham,OR,970307439,US,,F
1851694202,210 SE 136th Ave,,Vancouver,WA,986846930,US,,M
